clocks.current.sm [MHz], power.draw [W], temperature.gpu, clocks_event_reasons.active
585 MHz, 26.76 W, 48, 0x0000000000000000
585 MHz, 26.76 W, 49, 0x0000000000000000
585 MHz, 49.84 W, 49, 0x0000000000000000
585 MHz, 49.84 W, 49, 0x0000000000000000
1230 MHz, 49.84 W, 49, 0x0000000000000004
1260 MHz, 49.84 W, 50, 0x0000000000000004
1260 MHz, 49.84 W, 50, 0x0000000000000004
1245 MHz, 69.31 W, 50, 0x0000000000000004
1245 MHz, 69.31 W, 51, 0x0000000000000004
1245 MHz, 69.31 W, 51, 0x0000000000000004
1245 MHz, 69.80 W, 51, 0x0000000000000004
1215 MHz, 69.61 W, 51, 0x0000000000000004
1215 MHz, 69.61 W, 51, 0x0000000000000004
1215 MHz, 69.61 W, 51, 0x0000000000000004
1230 MHz, 69.61 W, 52, 0x0000000000000004
1230 MHz, 69.12 W, 52, 0x0000000000000004
1230 MHz, 69.12 W, 52, 0x0000000000000004
1230 MHz, 69.12 W, 52, 0x0000000000000004
1230 MHz, 70.15 W, 52, 0x0000000000000004
1230 MHz, 70.15 W, 52, 0x0000000000000004
1230 MHz, 70.15 W, 52, 0x0000000000000004
1230 MHz, 70.54 W, 52, 0x0000000000000004
1215 MHz, 69.31 W, 52, 0x0000000000000004
1230 MHz, 69.31 W, 52, 0x0000000000000004
1230 MHz, 69.31 W, 52, 0x0000000000000004
1230 MHz, 69.31 W, 52, 0x0000000000000004
1230 MHz, 69.21 W, 52, 0x0000000000000004
1215 MHz, 69.21 W, 52, 0x0000000000000004
1215 MHz, 69.21 W, 52, 0x0000000000000004
1215 MHz, 69.21 W, 52, 0x0000000000000004
1230 MHz, 69.21 W, 52, 0x0000000000000004
1215 MHz, 69.21 W, 52, 0x0000000000000004
1215 MHz, 69.12 W, 52, 0x0000000000000004
1215 MHz, 69.12 W, 52, 0x0000000000000004
1215 MHz, 69.12 W, 53, 0x0000000000000004
1230 MHz, 69.12 W, 53, 0x0000000000000004
1230 MHz, 69.21 W, 53, 0x0000000000000004
1230 MHz, 69.21 W, 53, 0x0000000000000004
1230 MHz, 69.21 W, 53, 0x0000000000000004
1215 MHz, 69.70 W, 53, 0x0000000000000004
1215 MHz, 69.70 W, 53, 0x0000000000000004
1215 MHz, 69.70 W, 53, 0x0000000000000004
1230 MHz, 69.70 W, 53, 0x0000000000000004
1230 MHz, 69.31 W, 53, 0x0000000000000004
1230 MHz, 69.31 W, 53, 0x0000000000000004
1230 MHz, 69.31 W, 53, 0x0000000000000004
1200 MHz, 70.84 W, 53, 0x0000000000000004
1200 MHz, 70.84 W, 53, 0x0000000000000004
1200 MHz, 70.84 W, 53, 0x0000000000000004
1200 MHz, 68.53 W, 53, 0x0000000000000004
1200 MHz, 68.53 W, 53, 0x0000000000000004
1200 MHz, 68.53 W, 53, 0x0000000000000004
1200 MHz, 68.53 W, 53, 0x0000000000000004
1200 MHz, 69.86 W, 53, 0x0000000000000004
1200 MHz, 69.86 W, 53, 0x0000000000000004
1200 MHz, 69.86 W, 53, 0x0000000000000004
1200 MHz, 69.90 W, 53, 0x0000000000000004
1200 MHz, 69.90 W, 53, 0x0000000000000004
1200 MHz, 69.90 W, 53, 0x0000000000000004
1200 MHz, 69.90 W, 53, 0x0000000000000004
1200 MHz, 69.47 W, 53, 0x0000000000000004
1200 MHz, 69.47 W, 53, 0x0000000000000004
1200 MHz, 69.47 W, 53, 0x0000000000000004
1200 MHz, 69.96 W, 53, 0x0000000000000004
1200 MHz, 69.96 W, 53, 0x0000000000000004
1200 MHz, 69.96 W, 53, 0x0000000000000004
1200 MHz, 70.05 W, 53, 0x0000000000000004
1200 MHz, 70.05 W, 53, 0x0000000000000004
1215 MHz, 70.05 W, 53, 0x0000000000000004
1215 MHz, 69.41 W, 53, 0x0000000000000004
1215 MHz, 69.41 W, 53, 0x0000000000000004
1215 MHz, 69.41 W, 54, 0x0000000000000004
1200 MHz, 69.41 W, 54, 0x0000000000000004
1200 MHz, 69.21 W, 54, 0x0000000000000004
1200 MHz, 69.21 W, 54, 0x0000000000000004
1200 MHz, 69.21 W, 54, 0x0000000000000004
1200 MHz, 69.70 W, 54, 0x0000000000000004
1200 MHz, 69.70 W, 54, 0x0000000000000004
1200 MHz, 69.70 W, 54, 0x0000000000000004
1200 MHz, 69.70 W, 54, 0x0000000000000004
1200 MHz, 69.76 W, 54, 0x0000000000000004
1200 MHz, 69.76 W, 54, 0x0000000000000004
1200 MHz, 69.76 W, 54, 0x0000000000000004
1200 MHz, 67.94 W, 54, 0x0000000000000004
1200 MHz, 67.94 W, 54, 0x0000000000000004
1200 MHz, 67.94 W, 54, 0x0000000000000004
1200 MHz, 70.19 W, 54, 0x0000000000000004
1200 MHz, 70.19 W, 54, 0x0000000000000004
1260 MHz, 70.19 W, 54, 0x0000000000000004
1245 MHz, 69.47 W, 54, 0x0000000000000004
1215 MHz, 69.47 W, 54, 0x0000000000000004
1215 MHz, 69.47 W, 54, 0x0000000000000004
1215 MHz, 69.31 W, 54, 0x0000000000000004
1215 MHz, 69.31 W, 54, 0x0000000000000004
1215 MHz, 69.31 W, 54, 0x0000000000000004
1200 MHz, 70.25 W, 54, 0x0000000000000004
1215 MHz, 70.25 W, 54, 0x0000000000000004
1230 MHz, 70.25 W, 54, 0x0000000000000004
1230 MHz, 68.92 W, 54, 0x0000000000000004
1275 MHz, 68.92 W, 54, 0x0000000000000004
1275 MHz, 70.93 W, 54, 0x0000000000000004
1335 MHz, 70.93 W, 54, 0x0000000000000004
1275 MHz, 70.93 W, 54, 0x0000000000000004
1290 MHz, 59.33 W, 54, 0x0000000000000004
1260 MHz, 59.33 W, 54, 0x0000000000000004
1215 MHz, 69.66 W, 54, 0x0000000000000004
1245 MHz, 69.66 W, 54, 0x0000000000000004
1260 MHz, 65.89 W, 54, 0x0000000000000004
1320 MHz, 65.89 W, 54, 0x0000000000000004
1290 MHz, 65.89 W, 54, 0x0000000000000004
1305 MHz, 64.26 W, 54, 0x0000000000000004
1290 MHz, 64.26 W, 54, 0x0000000000000004
1290 MHz, 71.32 W, 55, 0x0000000000000004
1290 MHz, 71.32 W, 55, 0x0000000000000004
1290 MHz, 71.32 W, 55, 0x0000000000000004
1230 MHz, 71.52 W, 55, 0x0000000000000004
1200 MHz, 71.52 W, 55, 0x0000000000000004
1200 MHz, 68.82 W, 55, 0x0000000000000004
1215 MHz, 68.82 W, 55, 0x0000000000000004
1200 MHz, 69.37 W, 55, 0x0000000000000004
1200 MHz, 69.37 W, 55, 0x0000000000000004
1200 MHz, 69.37 W, 55, 0x0000000000000004
1200 MHz, 69.02 W, 55, 0x0000000000000004
1200 MHz, 69.02 W, 55, 0x0000000000000004
1215 MHz, 69.51 W, 55, 0x0000000000000004
1215 MHz, 69.51 W, 55, 0x0000000000000004
1215 MHz, 62.14 W, 55, 0x0000000000000004
1320 MHz, 62.14 W, 55, 0x0000000000000004
1305 MHz, 67.49 W, 55, 0x0000000000000004
1335 MHz, 67.49 W, 55, 0x0000000000000004
1320 MHz, 73.14 W, 55, 0x0000000000000004
1335 MHz, 73.14 W, 55, 0x0000000000000004
1335 MHz, 73.14 W, 55, 0x0000000000000004
1320 MHz, 66.96 W, 55, 0x0000000000000004
1290 MHz, 66.96 W, 55, 0x0000000000000004
1290 MHz, 72.16 W, 55, 0x0000000000000004
1290 MHz, 72.16 W, 55, 0x0000000000000004
1260 MHz, 70.59 W, 55, 0x0000000000000004
1290 MHz, 70.59 W, 55, 0x0000000000000004
1290 MHz, 67.20 W, 55, 0x0000000000000004
1350 MHz, 67.20 W, 55, 0x0000000000000004
1305 MHz, 73.53 W, 55, 0x0000000000000004
1350 MHz, 73.53 W, 55, 0x0000000000000004
1260 MHz, 73.53 W, 56, 0x0000000000000004
1260 MHz, 68.98 W, 55, 0x0000000000000004
1260 MHz, 68.82 W, 55, 0x0000000000000004
1215 MHz, 68.82 W, 56, 0x0000000000000004
1200 MHz, 68.82 W, 56, 0x0000000000000004
1215 MHz, 68.82 W, 55, 0x0000000000000004
1230 MHz, 68.82 W, 55, 0x0000000000000004
1290 MHz, 61.59 W, 55, 0x0000000000000004
1335 MHz, 61.59 W, 56, 0x0000000000000004
1260 MHz, 61.59 W, 56, 0x0000000000000004
1200 MHz, 69.96 W, 56, 0x0000000000000004
1200 MHz, 69.96 W, 56, 0x0000000000000004
1185 MHz, 69.96 W, 56, 0x0000000000000004
1185 MHz, 69.12 W, 56, 0x0000000000000004
1200 MHz, 69.12 W, 56, 0x0000000000000004
1200 MHz, 69.12 W, 56, 0x0000000000000004
1200 MHz, 69.12 W, 56, 0x0000000000000004
1200 MHz, 69.12 W, 56, 0x0000000000000004
1200 MHz, 69.12 W, 56, 0x0000000000000004
1200 MHz, 69.12 W, 56, 0x0000000000000004
1185 MHz, 69.37 W, 56, 0x0000000000000004
1185 MHz, 69.37 W, 56, 0x0000000000000004
1185 MHz, 69.37 W, 56, 0x0000000000000004
1200 MHz, 69.37 W, 56, 0x0000000000000004
1200 MHz, 68.88 W, 56, 0x0000000000000004
1200 MHz, 68.88 W, 56, 0x0000000000000004
1200 MHz, 68.88 W, 56, 0x0000000000000004
1185 MHz, 69.27 W, 56, 0x0000000000000004
1185 MHz, 69.27 W, 56, 0x0000000000000004
1200 MHz, 69.27 W, 56, 0x0000000000000004
1200 MHz, 69.27 W, 56, 0x0000000000000004
1185 MHz, 68.98 W, 56, 0x0000000000000004
1185 MHz, 68.98 W, 56, 0x0000000000000004
1200 MHz, 68.98 W, 56, 0x0000000000000004
1200 MHz, 69.02 W, 56, 0x0000000000000004
1185 MHz, 69.02 W, 56, 0x0000000000000004
1185 MHz, 69.02 W, 56, 0x0000000000000004
1200 MHz, 69.12 W, 56, 0x0000000000000004
1215 MHz, 69.12 W, 56, 0x0000000000000004
1215 MHz, 69.12 W, 56, 0x0000000000000004
1200 MHz, 68.88 W, 56, 0x0000000000000004
1200 MHz, 68.88 W, 56, 0x0000000000000004
1200 MHz, 68.88 W, 56, 0x0000000000000004
1200 MHz, 68.88 W, 56, 0x0000000000000004
1200 MHz, 70.15 W, 56, 0x0000000000000004
1185 MHz, 70.15 W, 56, 0x0000000000000004
1185 MHz, 70.15 W, 56, 0x0000000000000004
1185 MHz, 69.12 W, 56, 0x0000000000000004
1185 MHz, 69.12 W, 56, 0x0000000000000004
1185 MHz, 69.12 W, 56, 0x0000000000000004
1185 MHz, 69.12 W, 56, 0x0000000000000004
1200 MHz, 69.66 W, 56, 0x0000000000000004
1185 MHz, 69.66 W, 56, 0x0000000000000004
1185 MHz, 69.66 W, 56, 0x0000000000000004
1185 MHz, 69.17 W, 56, 0x0000000000000004
1185 MHz, 69.17 W, 56, 0x0000000000000004
1185 MHz, 69.17 W, 56, 0x0000000000000004
1200 MHz, 69.17 W, 56, 0x0000000000000004
1185 MHz, 69.21 W, 56, 0x0000000000000004
1185 MHz, 69.21 W, 56, 0x0000000000000004
1185 MHz, 69.21 W, 56, 0x0000000000000004
1200 MHz, 69.02 W, 56, 0x0000000000000004
1185 MHz, 69.02 W, 56, 0x0000000000000004
1185 MHz, 69.02 W, 56, 0x0000000000000004
1185 MHz, 69.02 W, 56, 0x0000000000000004
1185 MHz, 69.31 W, 57, 0x0000000000000004
1185 MHz, 69.31 W, 57, 0x0000000000000004
1185 MHz, 69.31 W, 57, 0x0000000000000004
1185 MHz, 69.96 W, 57, 0x0000000000000004
1185 MHz, 69.96 W, 57, 0x0000000000000004
1185 MHz, 69.96 W, 57, 0x0000000000000004
1185 MHz, 69.90 W, 57, 0x0000000000000004
1185 MHz, 69.90 W, 57, 0x0000000000000004
1200 MHz, 69.90 W, 57, 0x0000000000000004
1200 MHz, 69.90 W, 57, 0x0000000000000004
1200 MHz, 68.63 W, 57, 0x0000000000000004
1185 MHz, 68.63 W, 57, 0x0000000000000004
1185 MHz, 68.63 W, 57, 0x0000000000000004
1185 MHz, 69.41 W, 57, 0x0000000000000004
1185 MHz, 69.41 W, 57, 0x0000000000000004
1185 MHz, 69.41 W, 57, 0x0000000000000004
1185 MHz, 69.96 W, 57, 0x0000000000000004
1185 MHz, 69.96 W, 57, 0x0000000000000004
1185 MHz, 69.96 W, 57, 0x0000000000000004
1185 MHz, 69.96 W, 57, 0x0000000000000004
1185 MHz, 69.86 W, 57, 0x0000000000000004
1185 MHz, 69.86 W, 57, 0x0000000000000004
1185 MHz, 69.86 W, 57, 0x0000000000000004
1185 MHz, 69.96 W, 57, 0x0000000000000004
1245 MHz, 69.96 W, 56, 0x0000000000000004
1500 MHz, 69.96 W, 56, 0x0000000000000004
1545 MHz, 69.96 W, 56, 0x0000000000000004
1560 MHz, 34.71 W, 55, 0x0000000000000004
1575 MHz, 34.71 W, 55, 0x0000000000000004
1575 MHz, 34.71 W, 55, 0x0000000000000004
1575 MHz, 34.71 W, 55, 0x0000000000000004
1590 MHz, 35.28 W, 55, 0x0000000000000000
1590 MHz, 35.28 W, 55, 0x0000000000000000
1590 MHz, 35.28 W, 55, 0x0000000000000000
